Weston,Varcoe
Bartie,Costard
Joel,Stickney
Kristoffer,Orans
Margery,Chippindall
Sanderson,Dunwoody
Salvador,Smidmoor
Ingemar,Nisius
Zollie,Mollene
Caril,Benfield
Lora,Percy
Caty,Chatin
Susie,Larchiere
Sallyann,Songhurst
Mozelle,Chrispin
Scot,Di Iorio
Lu,Teeney
Randolph,Vreede
Emmerich,Creaser
Clim,Cupitt
Yvette,Corradini
Tymothy,Mauger
Natalie,Bracer
Dorothee,Mindenhall
Stavro,Karlowicz
Peyton,Brute
Cross,Tome
Glori,Bynold
Angelle,Strewther
Jacinda,Lapley
Corrina,Battrum
Alix,Celier
Jaine,Rangeley
Henderson,Menichino
Giacinta,Loughrey
Victoria,Joncic
Early,Maevela
Alvin,Talby
Berget,McKelvie
Engracia,Adamsen
Beniamino,Jindacek
Ferdy,Burgum
Elsey,Gamett
Chrissie,McKernon
Ronnie,Bridgewater
Dannie,Pawlowicz
Zenia,Holsey
Nevile,Gowers
Lamond,Cadell
Orsola,Pobjay
Velvet,Maisey
Carly,Everitt
Meir,Maulden
Charissa,Simak
Minor,Hestrop
Hamlin,Straker
Jewel,Affron
Lianna,Linnemann
Esmaria,Heddy
Cosme,Simeons
Shurwood,De Gregorio
Rosco,Dumphries
Freida,Hills
Cindy,Crut
Ramsey,Drowsfield
Eadie,Peattie
Carmela,Huyton
Glenda,Bohey
Powell,Girardi
Danya,Renfield
Ashby,Keble
Perri,Spancock
Thorpe,Larcombe
Julian,Djurkovic
Noam,Rappaport
Alfons,Cobson
Nikolos,Hizir
Stacee,Adao
Hamlin,Springtorpe
Rikki,Romei
Marris,Beavers
Brittni,Yankin
Loralee,Brewett
Danie,O'Skehan
Lorenzo,Rickasse
Ban,MacGiolla
Aarika,Goodbairn
Delaney,Bulteel
Roanna,Sokill
Jo,Gilbride
Madonna,Abbati
Bernie,Philott
Conrad,Colby
Fidel,Ianniello
Franny,Hillborne
Gaylene,Balstone
Berky,Boyett
Hildy,Scally
Rikki,Barz
Chicky,Spick
Glenna,Fasse
Tatiania,Hing
Deeann,Malin
Jesus,Artin
Major,Kobus
Carroll,Loftie
Maxie,di Rocca
Felice,Gleeton
Modestine,Colin
Ario,Dering
Seamus,Doubrava
Maximilian,Pomphrett
Kimmi,Benettelli
Sasha,Leiden
Julieta,Sidry
Bessy,Rillett
Annnora,Pepperrall
Gifford,Catterson
Winnah,Bazell
Hildagard,Ottery
Quintana,Acarson
Sybyl,Domegan
Tonia,Laytham
Gwendolin,Greaser
Agace,Tinkler
Everard,Tregust
Tildi,Shepheard
Aldous,Dunning
Moss,Hawse
Heriberto,Smails
Valencia,Roeby
Rafael,Watkin
Emmalynn,Duell
Cordy,Dorber
Boote,Vasilov
Melany,Bosanko
Bobbette,Baynom
Audie,McGray
Othilia,Crighten
Siana,Kenner
Philipa,Sunner
Gregory,Wiggall
Kamila,Bertelmot
Rafaello,Linfitt
Quint,Maryin
Annora,Clipson
Pietrek,De Ortega
Dian,Turney
Dee,Chamberlayne
Abran,Gullifant
Allsun,Dannett
Thelma,Brewis
Mattias,Ginnelly
Jacquelynn,Agget
Aguie,Tremblay
Jayne,Greatorex
Had,Maher
Larine,Rigts
Etan,Brewins
Dorey,Decreuze
Rafaello,Witton
Hillary,Whewell
Kristyn,Farndale
Mona,Duell
Tyrone,Georgins
Penn,Pifford
Mollie,Copley
Harman,Shawl
Jany,Juniper
Jonathon,Rockell
Del,Rex
Petey,Dingle
Daphne,Cicconetti
Maxy,Thorbon
Kirby,Jenoure
Silvana,Quelch
Teddy,Althorp
Sherye,Anster
Nadia,Fonquernie
Paolina,Middleweek
Rennie,Merrifield
Keelby,Bootman
Agnese,Camillo
Marrissa,Morrant
Penny,Deakan
Lance,Pitsall
Shalom,Pigny
Dermot,Piwell
Shannon,Pabst
Thibaut,Thorrington
Franciskus,Sone
Nada,Belton
Dolf,Gunny
Ira,Farbrace
Tamara,Tivers
Berna,Gillings
Dyann,Willerstone
Rozalie,Village
Guthrey,Figgins
Everard,Swift
Alisun,Rapkins
Glendon,Baudinot
Marcille,Kelwick
Joaquin,Treweela
Alison,Neville
Stephanie,Alison
Thurston,Cicconettii
Regen,Winridge
Benji,Warren
Vale,Nand
Amory,Tembey
Shanda,Oliver-Paull
Gearalt,Curnick
Wynny,Rowlatt
Alleen,Warret
Revkah,Reinbech
Orran,Caizley
Zebulon,Neil
Carma,Tiller
Lelah,Deehan
Torrin,Weale
Gustie,Caldecourt
Mayer,Grimsditch
Ewart,Howe
Layla,McNabb
Jeff,Splain
Evangelin,Orteaux
Phip,D'Oyley
Gerik,Eddoes
Tarrah,Kettleson
Vachel,Maffetti
Daune,Kingaby
Farris,Pasfield
Whitby,Osmar
Roberta,Burehill
Tommy,Ebhardt
Tommie,McIlwrath
Esta,Symcox
Dill,Bengochea
Lita,Pallesen
Zorine,McKintosh
Vita,Tackes
Ketty,Bernier
Jocko,Spencley
Lance,Gianilli
Sanders,Benning
Henderson,Giacobilio
Adorne,Yanshinov
Georgie,Ledson
Susanne,Bernardt
Gates,Haensel
Lucille,Mee
Lida,Bittlestone
Dina,McLurg
Rodge,Dionisio
Ford,Jozefczak
Husein,Gerritzen
Angie,Arendt
Archie,Jurasek
Hurlee,Goodsall
Roda,Cadogan
Gaye,Guerrazzi
Gilda,Giotto
Kimberlee,Essel
Ilysa,Pecha
Victor,Kingshott
Mathilde,Auguste
Louie,Lebel
Stormy,Pauls
Brantley,Meriton
Dino,Perico
Davie,Keese
Ronna,Ager
Allie,Pentycost
Charlton,Laffin
Fairleigh,Asee
Giraldo,Mayhew
Crin,Quarton
Page,Stonary
Rasla,Lovemore
Amos,Toleman
Iosep,Thaim
Richard,Syfax
Marcile,Kynastone
Patrizius,Camplejohn
Sampson,Fannin
Joelle,Cropper
Kit,Gorling
Karole,Waplinton
Brooke,Lorenzo
Kristen,Poplee
Stacy,Tinsey
Hastie,Astman
Debor,Blomfield
Gaston,Ambrois
Joeann,Pember
Gena,Warne
Ariadne,Alten
Estella,Cossem
Evie,Carlyle
Umeko,Grisewood
Karyl,Dowbiggin
Vikki,Pennrington
Bibi,Losselyong
Brittany,Jorioz
Scarlett,Wyld
Crosby,Butters
Kiel,McGaw
Doroteya,McKinnon
Hedy,Allpress
Dalis,Elmer
Berkly,Uwins
Jarrad,Saw
Adams,Dyka
Marlin,Tanner
Lotta,Warrington
Petra,Tomasz
Jessamine,Lotwich
Peyton,Buist
Billy,Terese
Louisette,Brabender
Fulvia,de Grey
Kliment,Lyvon
Matti,Angrave
Renell,Comley
Fifine,Rivard
Sheppard,Sharkey
Gino,Darracott
Tamiko,O'Gleasane
Virginie,Geal
Dion,Haskur
Jamaal,Cutforth
Nobie,Mart
Gris,Itzkovitch
Valera,Pashba
Wake,Armin
Darn,Andryszczak
Pedro,Roll
Sybilla,Hattigan
Isahella,Tamburo
Mallissa,Lassells
Elvyn,Pessler
Beth,Melmore
Rowe,Muggleton
Rozalie,Bendix
Sylvester,Cuerdale
Katee,Boud
Rowney,Standring
Artair,Soppitt
Libbie,Yakolev
Andrei,Harridge
Egor,Gulberg
Alyosha,Greenroad
Wilek,Baford
Sydelle,Skittle
Glynnis,Barnewelle
Alma,Munson
Mattie,Mc Gee
Wainwright,Shiel
Lydia,Shearme
Abigale,Mityashin
Shay,Bourtoumieux
Town,Rivers
Geoffrey,Vanyashkin
Kelcy,Dehn
York,Chaffer
Thatcher,Duro
Janaya,Caro
Tilly,Rogan
Nadya,Monument
Albert,Ehrat
Tammi,Heaphy
Lissi,Dyke
Cordelie,Mathivat
Christoper,Frankel
Celinda,Greene
Hanni,Lownds
Darrel,Chatters
Nelle,Scanterbury
Toinette,Latliff
Susann,Hegg
Donaugh,Bradly
Ilka,Caple
Clarine,Wollacott
Dacia,Feronet
Hana,Bodesson
Truda,Mapplebeck
Gardner,Wayman
Coop,Ridley
Barrie,Sach
Burg,Sinnatt
Arnie,Buesden
Carin,Breslane
Farah,Aylward
Vanya,Siflet
Franciskus,Waller-Bridge
Felic,Iddenden
Marie,Pllu
Ulberto,Grafom
Noell,Clausewitz
Grant,Gravatt
Bertina,Verrall
Dorthy,Speer
Dana,Ratchford
Ingeberg,Kahn
Evelyn,Alfonzo
Milena,Clyburn
Byron,Sermin
Aubry,Tilne
Dorothea,Taudevin
Demetrius,Castagnone
Veronica,Valentetti
Ephraim,Biddles
Urban,Cleland
Yorke,Sporgeon
Harper,Hansard
Hagen,Khan
Gerhardine,Izzett
Velma,Dugood
Woodrow,Golborne
Krystal,Wilbud
Ginelle,Cromb
Konstance,Oswick
Liv,Hazelton
Mary,Delieu
Rudolf,Hawkshaw
Lucinda,Alten
Lutero,Duckworth
Mimi,Chattaway
Adella,Krzyzanowski
Rebecca,Whatley
Irwinn,Stoffel
Maddie,Vynoll
Kiri,Vellender
Korrie,Jeavons
Sumner,Danels
Friedrich,Hasson
Jammie,Jefferies
Franny,Dennett
Erskine,Housegoe
Fan,Danev
Elayne,Speake
Ardelis,Capron
Kacy,McMillan
Elvina,Maberley
Alayne,Cashman
Ambrosio,Kyrkeman
Jessy,Mellanby
Randie,Ramas
Conchita,Muddle
Dmitri,Roseblade
Frankie,Backen
Umberto,Doran
Sinclair,Elies
Juliette,Skeen
Skelly,Valois
Melesa,Freire
Wendel,Arnecke
Massimiliano,Sheppey
Lavena,Brunnen
Pippa,Storr
Adore,Haselgrove
Liva,Shillam
Debby,Spreadbury
Garvy,Jenteau
Josh,Melburg
Dorisa,Hawkeswood
Becka,Ransome
Lorianne,Amott
Lotta,Senecaut
Dulcea,Knok
Jamie,McGrane
Nissie,Jannaway
Ed,Alam
Bertine,Deeprose
Theo,Lipmann
Sam,Sunshine
Simmonds,Faux
Christophorus,Mumford
Saxe,Ervin
Sonni,Dirr
Jillian,Olifaunt
Mikel,Vanns
Niles,Sakins
Arvy,Tremoulet
Dot,Pipworth
Cherry,Shreeve
Barbe,Bradwell
Neala,Van Bruggen
Alla,Orpyne
Germana,Measey
Janella,Bendall
Purcell,Cadman
Martyn,Coley
Pincus,Cuolahan
Margalit,Hingeley
Scotty,Twittey
Lise,Speeding
Wally,Kesey
Kirby,Berens
Cathryn,Hansley
Gabbi,Paddick
Bram,Kluss
Royal,Vivian
Roderich,Chalk
Riordan,Ellis
Dickie,Rushbury
Corey,Loughrey
Cristen,Serrier
Rouvin,Skeldinge
Dorey,Mundle
Jodi,Whiteway
Veriee,Santus
Ola,Hover
Thedric,Traves
Demetris,McLewd
Rosalinde,Sauven
Delinda,Lambrick
Belva,Lapthorne
Eleni,L' Anglois
Una,Garbert
Sumner,Medhurst
Ruby,Fairbrace
Clemmie,Camplin
Rachel,McBay
Winnah,McAree
Blanch,Tolland
Ariel,Parrin
Brewer,Murt
Dianemarie,Gheorghe
Andrus,Jarlmann
Calv,Retter
Alon,Breadon
Kristyn,Schuricht
Helen-elizabeth,Khomich
Den,O'Fihillie
Rosette,Venediktov
Sonnie,Burnyate
Ulrica,Aubrun
Eydie,Bricham
Ulrikaumeko,Arendsen
Pru,Blinco
Umeko,Beveridge
Benjie,Burtt
Chickie,Tine
Nevil,Sarsfield
Kevon,Cordingly
Mommy,St Ange
Durward,Varns
Marv,Izatt
Graehme,Lippatt
Boy,Earngy
Susi,Cheavin
Rusty,Holborn
Allina,Gritten
Shelli,Nibley
Petey,Gaisford
Wyatt,Quayle
Gilberte,Balfour
Lavina,Farry
Amble,Mergue
Cathi,Montague
Salome,Ren
Cecil,Dearell
Joannes,Kemston
Glynda,Lyston
Karyl,Haxbie
Sari,Landa
Clemens,Machan
Selie,Nisbet
Orville,Blenkhorn
Bordie,Davydoch
Yvon,Merrifield
Mabel,Middis
Orella,Oldershaw
Lorene,Brumen
Murdock,Esson
Sib,Breem
Lucian,Fritzer
Halette,Stranahan
Betteann,Klaff
Concettina,Spickett
Dewitt,Madders
Deirdre,Pirie
Edwin,Kliner
Martelle,Davenport
Rutter,Labbey
Augusta,Kuhle
Carey,Essberger
Heath,McGrey
Hagen,Ruos
Kerry,Judron
Mathew,Trehearne
Roddy,Sinnock
Chicky,Sandiford
Ariana,Wiltshaw
Baily,McKeggie
Britteny,Duffin
Birk,Obbard
Sky,Liccardo
Thor,Coom
Corenda,Lodden
Carny,Furman
Thatch,Cagan
Kathye,Brandino
Guido,Lum
Simona,Ruppertz
Melvin,Dallas
Lukas,Colleer
Bert,MacLese
Crichton,Strangman
Isadora,Goghin
Spike,Ault
Eric,Cumber
Chiarra,Danahar
Colin,Mushawe
Norton,Alvis
Conn,Dedrick
Orsa,Gally
Kitty,Slesser
Claudia,Leale
Ericha,Membry
Tracey,Trymme
Lauren,Hibling
Pauly,Coyne
Garrett,Ponnsett
Morgan,Magwood
Bernadette,Lurriman
Isidore,Finker
Maxine,Sarath
Cece,Reightley
Mohandas,Kasman
Suzy,Murrow
Ramsey,Hould
Curr,Beseke
Tommi,Suggett
Janet,Haggarty
Laurena,D'Elia
Aldwin,Gero
Gibbie,Stonhewer
Madelle,Ingliby
Pattie,McCue
Hanan,Berryman
Margy,Mussared
Janetta,Adnet
Devonna,Durtnell
Norbie,Lippo
Camala,Moon
Tamqrah,Houten
Norrie,Kyberd
Peggi,Cabrera
Gerri,Youel
Jamison,Tomet
Carrissa,Liffe
Yvor,Mattityahou
Mayor,Sykes
Brig,Petican
Pierce,Enrrico
Annadiane,Paolinelli
Andris,Ferrant
Margit,Parminter
Lena,Bradshaw
Matthew,Breeton
Felic,Fenich
Solomon,Duddin
Flynn,Leynham
Pace,Dorsett
Hartley,Bome
Justinian,Eakens
Danit,Murford
Bebe,Naisbet
Durand,Greenroad
Annemarie,Georges
Brantley,Fluin
Tiebold,Jack
Honey,Dodimead
Kitti,Splevings
Monica,Fazan
Maurise,Fechnie
Goran,Rushmere
Sande,Epinay
Reinold,Farfull
Kimberlee,Meeron
Jereme,Bullene
Susanetta,Lilion
Cris,Niesegen
Arri,Doogue
Fields,Carhart
Enrica,Hernik
Tove,Broe
Naoma,Croix
Michele,Longo
Sella,Sides
Aili,Leigh
Florence,Larsen
Mabelle,Waymont
Puff,Sharphouse
Ansel,Azema
Melissa,Keher
Anstice,Allward
Bevvy,Midgely
Lem,Gosnoll
Marc,Enderle
Tucker,Zellick
Karie,Huegett
Rebeka,Duffell
Bar,Husbands
Renate,Whimper
Schuyler,Grute
Yasmeen,Seamons
Quincy,Caldron
Gunther,Gabey
Zarla,Pagin
Red,Mapp
Ebonee,Hoff
Louella,Shaddick
Analise,Mawby
Imogen,Castillon
Munmro,Sparkwill
Phillida,Bockings
Gawen,Troubridge
Elvina,Albury
Cale,Synan
Thorin,Oliveira
Celka,Succamore
Gayel,Baughn
Madeline,Vigus
Dominique,Mountney
Malinde,Hugett
Wolfgang,Edowes
Courtney,Kunzel
Florian,O'Currine
Alice,Groombridge
Georgie,Coping
Darrell,Wilgar
Elsbeth,O'Dowling
Othella,Compfort
Sylvester,Hornung
Grazia,Jentin
Con,Foyle
Aldin,Munsey
Arel,Gudgion
Bert,Blondel
Karen,Stallibrass
Tobi,Konert
Georg,Clinch
Megen,Wemyss
Lorette,Strethill
Pip,Whitehead
Hewitt,Korbmaker
Arny,Siegertsz
Chancey,Josebury
Haleigh,Segrave
Romona,Berrycloth
Marrilee,Adamowicz
Annemarie,Sharplin
Lynette,Defew
Sergio,Grimme
Hilarius,Proschke
Rickard,Calladine
Euphemia,Tween
Edgardo,Tortoishell
Lacey,Jinda
Llewellyn,Flasby
Chantal,Commuzzo
Earle,Armitt
Cynde,Younglove
Misty,Livard
Rickard,Housden
Osborn,Iczokvitz
Feliza,Gooden
Urbanus,Suatt
Lutero,Timewell
Libby,McOrkil
Vasilis,Kilian
Trumann,Helis
Dinny,Gilluley
Sioux,Danigel
Annora,Leeson
Robby,Life
Evie,Scollard
Antonella,Dumberell
Silvana,Ruprecht
Candice,Chadwin
Gianna,Key
Berty,McElwee
Rorke,Speir
Drake,Castello
Debby,Schimke
Katalin,O'Carmody
Lynette,Mufford
Robenia,Griswood
Hamil,Olle
Lynnell,Linner
Jaye,Seivwright
Aura,Faulder
Idell,Ladell
Klemens,Withull
Tate,Croucher
Maggie,Slesser
Dene,Bastick
Miltie,Stolberg
Mord,Colum
Jeniffer,Polycote
Josias,Gledhill
Gladi,Thornthwaite
Ermentrude,Surfleet
Waly,Greally
Gerladina,Killich
Loleta,Royson
Rurik,Pluvier
Caprice,Lukovic
Karlyn,Chrichton
Bendicty,Sexcey
Scott,Zincke
Elora,Jachtym
Xymenes,Leggis
Boy,Ruperto
Yulma,Banasik
Stephi,Levecque
Dorena,Zylberdik
Val,Balharrie
Stu,Leamon
Meryl,Cradey
Gusti,Dollard
Tomkin,Brandenberg
Elianore,Shewon
Leo,Verey
Elaine,Mea
Sherilyn,Nutbrown
Orelie,Caulket
Silva,Wilcox
Clerc,Shields
Rivkah,Robins
Mathian,Audas
Jonas,Tyers
Vale,Wyer
Celie,Durgan
Rhona,Halsall
Clotilda,Ambroisin
Moira,Spaxman
Rois,Cammiemile
Norrie,Moy
Valeria,Sayce
Ronny,Reoch
Gradeigh,Lackemann
Perry,Ninnotti
Bary,Stitwell
Isidoro,Lehrle
Byrom,Pochon
Neill,Avramovitz
Vonni,Ludy
Alejandrina,Asson
Kasper,MacAleese
Brett,Rozzell
Hobart,Extance
Rafaelia,Tanslie
Malcolm,Kitchingman
Marven,Surman-Wells
Simone,Simakov
Lois,Woodrow
Steffen,Dilleston
Heath,Bugdale
Dar,Dollimore
Nickie,Weymont
Aleda,De Bruijn
Diann,Legerwood
Ad,Melly
Gunilla,Espley
Byrle,Grayling
Karlens,Carbry
Aldridge,Paireman
Anett,Kowalski
Haily,Waterstone
Gwenny,Duckerin
Dillon,Pedrozzi
Bibby,Maunsell
Sharity,Kettlewell
Euphemia,Ditchfield
Stu,Shawcross
Koral,Cody
Adey,Philpin
Doloritas,Ruf
Pattie,Pedder
Wilhelm,Watford
Dedie,Salmoni
Elaine,Whybrow
Kylynn,Eborall
Osbert,Williams
Georgianne,Haborn
Elianora,Geroldo
Carl,Dallimore
Thomasina,Nial
Alphonse,Safe
Riki,Espinola
Piggy,Tartt
Claudia,McRobb
Brod,Blezard
Lanita,Ogan
Marcile,O'Bradain
Erna,Malim
Waly,Tollerton
Adams,Ormiston
Jeanne,Coulton
Jaquenette,Calan
Cassie,McQuarrie
Guido,Jacquemet
Elora,Vedenisov
Kessiah,Stambridge
Jenna,Rosenbaum
Arlene,Evelyn
Lark,Puller
Delphine,Godbehere
Mateo,Whichelow
Malvina,Gillow
Allister,Bradden
Craggy,Melbourn
Flint,McTavy
Ingunna,Kinnon
Jody,Fowgies
Rafaellle,Fozard
Trevar,Reimers
Laure,Tenman
Laina,Darco
Mart,Prujean
Niccolo,Rapier
Dar,Campaigne
Melesa,Brookwood
Nydia,D'Andrea
Adorne,Dungate
Arni,Eliez
Cleavland,Astley
Ryon,Seedman
Neil,Hutcheons
Layla,Blinco
Jeffie,Valencia
Zsazsa,Tattersall
Therese,Osband
Matelda,Calveley
Shayne,Wrennall
Fowler,Ruffy
Elnore,McFie
Christin,Feldmesser
Cris,Jeskins
Jefferson,Winskill
Augustus,Tock
Samantha,Larter
Turner,MacCart
Darryl,Millberg
Gayleen,Seymer
Kalina,Lochet
Colette,Thirlwell
Ester,Kensett
Rorie,Scriviner
Berget,Treby
Gweneth,Pratten
Ondrea,Gareisr
Arlette,Copnar
Shelley,Harniman
Kort,Verne
Elita,Gradley
Mira,Shaddock
Hieronymus,Tinn
Kelsi,Pleuman
Auria,Gildersleeve
Lorant,Curcher
Hansiain,Fanthome
Bradly,McCalister
Derek,Listone
Hy,Menis
Gnni,Grzelewski
Camey,Matskevich
Sylvia,Ambler
Bette,Bertrand
Dew,Nutley
Roy,Littlewood
Winfred,Brock
Melba,Messingham
Domeniga,Cater
Leda,Records
Lek,Belasco
Waiter,Pervoe
Piotr,Hebble
Annetta,Springell
Cherin,Bernard
Meridith,Walasik
Constantia,Kennelly
Renee,Flux
Bartie,Kilmary
Nicole,Mallaby
Calv,Jermyn
Bertina,Faccini
Amata,Brocks
Erma,Matteacci
Dinny,Spering
Goldy,Gissop
Foss,Coope
Hubey,Klaussen
Ariel,Kiernan
Marshall,Presman
